{"loss": [9.633279842091724e-05, 0.0003567491366993636, 0.00019671102927532047, 0.00024654908338561654, 0.00020720568136312068, 0.0004890957497991621, 0.0002941508428193629, 0.00018018217815551907, 0.0002786455152090639, 0.00015170304686762393, 0.0007918706978671253, 0.0009264450054615736, 0.0013321839505806565, 0.0004636634257622063, 0.0008997652330435812], "val_loss": [0.007832139730453491, 0.007994401268661022, 0.007947100326418877, 0.00792701356112957, 0.007869635708630085, 0.00788051262497902, 0.007907307706773281, 0.007954745553433895, 0.008009209297597408, 0.008049838244915009, 0.004837471060454845, 0.005467583425343037, 0.005131760612130165, 0.00561223179101944, 0.005527720786631107]}