{"loss": [4.804681339010131e-06, 5.527783650904894e-05, 0.00015843825531192124, 0.0005606127087958157, 0.00018529673980083317, 0.00044211361091583967, 0.0002615817356854677, 0.0005631999229080975, 0.0005638360744342208, 0.0005609433865174651, 0.0004066693945787847, 0.0005088297766633332, 1.9742936274269596e-05, 2.0226665583322756e-05, 1.9559469365049154e-05], "val_loss": [0.003400870831683278, 0.0034533897414803505, 0.0029560404364019632, 0.003451667493209243, 0.003465781221166253, 0.003431866643950343, 0.0029515614733099937, 0.0029342519119381905, 0.002939216559752822, 0.0034233196638524532, 0.003452167846262455, 0.003500468796119094, 0.003451721742749214, 0.0034496388398110867, 0.003455955069512129]}