{"loss": [8.793255256023258e-05, 0.0002830175217241049, 0.00019609014270827174, 0.00015733895997982472, 0.00013562347157858312, 0.00011560272832866758, 0.00010448950342833996, 9.94306756183505e-05, 9.246540139429271e-05, 9.518120350548998e-05, 9.4599585281685e-05, 8.995972166303545e-05, 8.665806672070175e-05, 8.430204616161063e-05, 8.72025266289711e-05], "val_loss": [0.0028903898783028126, 0.0030302954837679863, 0.0030775819905102253, 0.0031437103170901537, 0.0031673831399530172, 0.003214942989870906, 0.0031051954720169306, 0.003146887058392167, 0.0031646115239709616, 0.003188600530847907, 0.0031760616693645716, 0.003170478856191039, 0.0031930122058838606, 0.0032191898208111525, 0.0031994334422051907]}