{"loss": [0.002982567995786667, 0.0022921713534742594, 0.001873095752671361, 0.0015845450107008219, 0.001402553403750062, 0.0012856879038736224, 0.0012140431208536029, 0.0011720980983227491, 0.0011486026924103498, 0.0011350217973813415, 0.0011229432420805097, 0.0011121969437226653, 0.0011019540252164006, 0.0010915141319856048, 0.0010883959475904703], "val_loss": [0.0044535486958920956, 0.003803888102993369, 0.0031267988961189985, 0.0025416759308427572, 0.002118225209414959, 0.0018272417364642024, 0.0016281538410112262, 0.0014995598467066884, 0.0014190729707479477, 0.0013663752470165491, 0.0013302190927788615, 0.0013058496406301856, 0.0012852651998400688, 0.001270286738872528, 0.0012600822374224663]}