{"loss": [2.5550132704665884e-05, 0.00024457715335302055, 0.0002257742889923975, 0.0012018827255815268, 0.0013260700507089496, 0.0008228974184021354, 0.0012319778325036168, 0.0008418827783316374, 0.0007367810467258096, 0.00048265355871990323, 0.000898714701179415, 0.0008244744385592639, 0.000779152731411159, 0.0007345346384681761, 0.0007040481432341039], "val_loss": [0.008062800392508507, 0.00693939346820116, 0.0067674447782337666, 0.006565336138010025, 0.006541293114423752, 0.0068240100517869, 0.006672045215964317, 0.006956911645829678, 0.007040014956146479, 0.007464766968041658, 0.007237931247800589, 0.007314884569495916, 0.007316339761018753, 0.0073610940016806126, 0.007296663708984852]}