{"loss": [0.0012215947499498725, 0.0010131258750334382, 0.0010412817355245352, 0.0010251672938466072, 0.0010049180127680302, 0.0009857828263193369, 0.000981818651780486, 0.000968982873018831, 0.0009629926644265652, 0.0009526167996227741, 0.0009466683841310441, 0.0009355586371384561, 0.0009309211745858192, 0.0009238218190148473, 0.0009170003468170762], "val_loss": [0.0014310048427432775, 0.0010394816054031253, 0.0010014827130362391, 0.0009901864686980844, 0.00098043296020478, 0.0009723691619001329, 0.0009665156248956919, 0.0009635570459067822, 0.0009627467952668667, 0.0009625627426430583, 0.0009645935497246683, 0.000967632862739265, 0.0009702420211397111, 0.0009746335563249886, 0.0009804385481402278]}