{"loss": [6.857517291791737e-05, 0.00028411770472303033, 0.0002762157819233835, 0.00024913065135478973, 0.00021743803517892957, 0.00018894784443546087, 0.0001721827284200117, 0.00014745414955541492, 0.00012679702194873244, 0.00011797471233876422, 0.00010387382644694299, 0.00010949347779387608, 0.00010684558947104961, 0.0001052392617566511, 0.00010537147318245843], "val_loss": [0.002950791735202074, 0.003068268997594714, 0.0031023407354950905, 0.0031299933325499296, 0.0031495164148509502, 0.0031832149252295494, 0.003200834384188056, 0.00321070640347898, 0.0032555607613176107, 0.0032357871532440186, 0.0032402221113443375, 0.0032936767674982548, 0.0032639072742313147, 0.0032750521786510944, 0.0032554215285927057]}