{"loss": [0.000451894971774891, 0.0012395370285958052, 0.001249463763087988, 0.0012014429084956646, 0.001120512722991407, 0.001058322610333562, 0.0010132588213309646, 0.0009878557175397873, 0.000964282313361764, 0.0009413768420927227, 0.0009188496042042971, 0.0008930149488151073, 0.0008705660002306104, 0.0008575617102906108, 0.0008276389562524855], "val_loss": [0.003908809740096331, 0.005387111566960812, 0.006115313153713942, 0.0065244026482105255, 0.0072600566782057285, 0.007412703242152929, 0.007334625348448753, 0.007319404277950525, 0.007413716986775398, 0.00739976717159152, 0.007559852674603462, 0.007702816743403673, 0.007545267231762409, 0.007473409175872803, 0.0074760946445167065]}