{"loss": [1.0336009381717304e-06, 7.488531082344707e-06, 1.2714308468275703e-05, 1.3421815310721286e-05, 1.4672435099782888e-05, 1.5621926650055684e-05, 1.6731215509935282e-05, 1.7793736333260313e-05, 1.8694203390623443e-05, 1.9586053895181976e-05, 2.0692126781796105e-05, 2.1558391381404363e-05, 2.1287143681547605e-05, 2.0653802494052798e-05, 2.100761776091531e-05], "val_loss": [0.00343865854665637, 0.003442510263994336, 0.0033996172714978456, 0.0034429465886205435, 0.003433196572586894, 0.0034352121874690056, 0.003424766007810831, 0.003392581595107913, 0.003430367447435856, 0.0034278249368071556, 0.003439329331740737, 0.003453967859968543, 0.003428791183978319, 0.0034514456056058407, 0.0034426806960254908]}