{"loss": [5.667740424541989e-06, 1.6908186807995662e-05, 2.3094416974345222e-05, 3.7721885746577755e-05, 2.036135265370831e-05, 2.602737004053779e-05, 2.5684874344733544e-05, 3.628642298281193e-05, 2.7724026949726976e-05, 0.0001085710828192532, 0.00011739108595065773, 0.0002586003683973104, 0.0004737205454148352, 0.0004741316079162061, 0.00047356722643598914], "val_loss": [0.0034486185759305954, 0.003446516813710332, 0.003419766202569008, 0.0034137980546802282, 0.003411384066566825, 0.0034073570277541876, 0.003473519580438733, 0.003425151575356722, 0.0034470749087631702, 0.0033920223359018564, 0.0034279893152415752, 0.00317999254912138, 0.0031747985631227493, 0.0031769585330039263, 0.0031771191861480474]}