{"loss": [0.0021385718137025833, 0.0013071545399725437, 0.0011366417165845633, 0.0010119861690327525, 0.0009518068982288241, 0.0009398901602253318, 0.0009306239662691951, 0.0009309469605796039, 0.0009245318360626698, 0.0009212056174874306, 0.000915640383027494, 0.000912387331482023, 0.0009043221361935139, 0.0008966345340013504, 0.0008894447819329798], "val_loss": [0.003681871108710766, 0.0023368773981928825, 0.0015863311709836125, 0.0011885504936799407, 0.0010294049279764295, 0.0009806250454857945, 0.0009663069504313171, 0.000961841840762645, 0.0009603467769920826, 0.0009594015427865088, 0.0009589251130819321, 0.0009588332031853497, 0.0009597369935363531, 0.0009618016774766147, 0.0009653574670664966]}