{"loss": [1.830612518460839e-06, 0.00021087861387059093, 0.00022729334887117147, 0.00022750659263692796, 0.00022879867174196988, 0.00022825166524853557, 0.0002281110209878534, 0.00022768377675674856, 0.00022783313761465251, 0.00022792442177888006, 0.00022809520305600017, 0.000227605109103024, 0.00023020007938612252, 0.00022845690546091646, 0.00022926746169105172], "val_loss": [0.008511197753250599, 0.008551200851798058, 0.008552036248147488, 0.00857102032750845, 0.008554222993552685, 0.008555145934224129, 0.008563540875911713, 0.008556346409022808, 0.008555958047509193, 0.008550011552870274, 0.008532940410077572, 0.008559372276067734, 0.008554593659937382, 0.008558015339076519, 0.008560193702578545]}