{"loss": [0.00024672053405083716, 0.0007548463181592524, 0.0008676953730173409, 0.0007800741586834192, 0.000816482410300523, 0.0009061627788469195, 0.000910534814465791, 0.0009173199068754911, 0.000884811335708946, 0.0009533527190797031, 0.0009114950080402195, 0.0009040100267156959, 0.0009695861372165382, 0.0011355663882568479, 0.000817684514913708], "val_loss": [0.0059382193721830845, 0.004848919343203306, 0.005210380535572767, 0.005032463930547237, 0.004868901334702969, 0.004969825502485037, 0.00449663121253252, 0.004198719281703234, 0.004016836639493704, 0.0039189220406115055, 0.00396126601845026, 0.003666854929178953, 0.003436833620071411, 0.0024788149166852236, 0.003042570548132062]}