{"loss": [4.748722130898386e-05, 0.00012016177061013877, 7.263235602295026e-05, 7.340685988310724e-05, 6.938803562661633e-05, 6.771242624381557e-05, 6.652577576460317e-05, 5.6918048358056694e-05, 6.253023457247764e-05, 6.011355435475707e-05, 7.028960681054741e-05, 7.608214946230873e-05, 7.466800889233127e-05, 8.585234172642231e-05, 7.31624459149316e-05], "val_loss": [0.008202464319765568, 0.008424214087426662, 0.008486516773700714, 0.008574599400162697, 0.008331406861543655, 0.008431070484220982, 0.008459683507680893, 0.008287567645311356, 0.008541771210730076, 0.008541005663573742, 0.00849825982004404, 0.008482706733047962, 0.008412699215114117, 0.008571187034249306, 0.008491444401443005]}