{"loss": [3.1849580409470946e-05, 7.768515934003517e-05, 5.254302959656343e-05, 7.994605402927846e-05, 0.000324962311424315, 0.00016421078180428594, 0.0004210960178170353, 0.00040399012505076826, 9.74009235505946e-05, 9.317897638538852e-05, 6.43490202492103e-05, 6.971653056098148e-05, 4.941923907608725e-05, 0.00011593467206694186, 0.0001395735307596624], "val_loss": [0.003360789967700839, 0.003381455782800913, 0.0033889126498252153, 0.0033853689674288034, 0.0031797573901712894, 0.0033261794596910477, 0.002264912473037839, 0.00332364859059453, 0.0034049521200358868, 0.0033859401009976864, 0.003386088879778981, 0.003389173885807395, 0.0034209571313112974, 0.003223608946427703, 0.003280793782323599]}