{"loss": [0.00047654483933001757, 0.0007094999891705811, 0.000703877245541662, 0.0006518230657093227, 0.0006030757795087993, 0.0005693977582268417, 0.0005327704711817205, 0.000504479743540287, 0.000469367194455117, 0.0004453122091945261, 0.0004240715061314404, 0.00039795212796889246, 0.00038610133924521506, 0.00037576231989078224, 0.0003671078593470156], "val_loss": [0.0013823319459334016, 0.0017160885035991669, 0.0018687922274693847, 0.001991198631003499, 0.002102196915075183, 0.002154538407921791, 0.0022412764374166727, 0.0022860353346914053, 0.002352575771510601, 0.002411004388704896, 0.0024593034759163857, 0.0025347282644361258, 0.002566736890003085, 0.0025918385945260525, 0.0026505757123231888]}