{"loss": [0.0005241331527940929, 0.0006566163501702249, 0.0007025352097116411, 0.0006758445524610579, 0.0006595604936592281, 0.000629678659606725, 0.0006107300287112594, 0.000592584372498095, 0.0005766270915046334, 0.0005592022207565606, 0.0005425274139270186, 0.0005220258026383817, 0.000506865733768791, 0.0004973778850398958, 0.000483615614939481], "val_loss": [0.0022608099970966578, 0.003063779789954424, 0.0029487868305295706, 0.0028630997985601425, 0.0028373156674206257, 0.0028526701498776674, 0.002870422787964344, 0.002905689412727952, 0.0029612910002470016, 0.0029739895835518837, 0.0029922868125140667, 0.003024721285328269, 0.003063083626329899, 0.0030761968810111284, 0.0031024811323732138]}