{"loss": [0.00018238586199004203, 0.000655299227219075, 0.0006238180794753134, 0.0005893296329304576, 0.0005123185692355037, 0.0004776991263497621, 0.0004378928570076823, 0.0004043790977448225, 0.00037193665048107505, 0.00032729553640820086, 0.00031228692387230694, 0.00028594990726560354, 0.0002564291062299162, 0.00023891641467344016, 0.00020699590095318854], "val_loss": [0.00672499556094408, 0.007004654034972191, 0.007162202149629593, 0.0072263078764081, 0.0073028504848480225, 0.007449246011674404, 0.00751255638897419, 0.007490064483135939, 0.007629991043359041, 0.007620189804583788, 0.007692601997405291, 0.007599677424877882, 0.007644211407750845, 0.007741440087556839, 0.007844759151339531]}