{"loss": [0.00012742236140184104, 0.00041345079080201685, 0.00039150784141384065, 0.0003709119919221848, 0.0003337450616527349, 0.00031028702505864203, 0.0002814738545566797, 0.00026018370408564806, 0.0002454108325764537, 0.00023297181178350002, 0.00021053456293884665, 0.00019705350860022008, 0.0001854236761573702, 0.0001634233194636181, 0.00016055558808147907], "val_loss": [0.0026607078034430742, 0.0028739594854414463, 0.003050050465390086, 0.0031398029532283545, 0.003127332543954253, 0.0031103314831852913, 0.0031432195100933313, 0.0031745759770274162, 0.0032052421011030674, 0.0032342395279556513, 0.003248556051403284, 0.0032864143140614033, 0.0032879342325031757, 0.003341634990647435, 0.003332774853333831]}