{"loss": [0.00014513700443785638, 0.00048369826981797814, 0.00047088187420740724, 0.000443252210970968, 0.0004139681113883853, 0.0003953991399612278, 0.00037989197880961, 0.0003687139833346009, 0.00037029385566711426, 0.000332494149915874, 0.00031117661274038255, 0.00030416890513151884, 0.0002717025054153055, 0.0002574684622231871, 0.0002373386378167197], "val_loss": [0.002527500269934535, 0.002800669288262725, 0.0028996404726058245, 0.0029255500994622707, 0.0029932858888059855, 0.0030149861704558134, 0.003055291948840022, 0.0030132371466606855, 0.003013692330569029, 0.003015858819708228, 0.0030449125915765762, 0.0030513496603816748, 0.0030855124350637197, 0.003108453704044223, 0.0031456516589969397]}