{"loss": [5.283437712932937e-05, 7.49210812500678e-05, 5.896244692848995e-05, 0.00040699634701013565, 8.687737863510847e-05, 0.00029621715657413006, 0.00027595413848757744, 0.0009237090707756579, 0.0008196189301088452, 0.000728074461221695, 0.0006567127420566976, 0.00013857046724297106, 0.00012326591240707785, 0.00012801426055375487, 0.00013184435374569148], "val_loss": [0.008015653118491173, 0.008276511915028095, 0.00835429411381483, 0.008176748640835285, 0.008207345381379128, 0.00826883502304554, 0.007334249559789896, 0.007381116971373558, 0.007371451705694199, 0.0074615213088691235, 0.007991285994648933, 0.008321812376379967, 0.008399871177971363, 0.008536923676729202, 0.008503181859850883]}