{"loss": [0.0006352956988848746, 0.0007894461159594357, 0.0007604548591189086, 0.0007368806400336325, 0.0007120373193174601, 0.0006976124132052064, 0.0006805328885093331, 0.0006687536952085793, 0.0006639505736529827, 0.0006507917423732579, 0.0006448301719501615, 0.0006367960595525801, 0.0006267643184401095, 0.0006179820629768074, 0.000614248332567513], "val_loss": [0.002113363705575466, 0.002495796652510762, 0.002591001335531473, 0.0025896700099110603, 0.0025985771790146828, 0.0026188509073108435, 0.0026619096752256155, 0.0026424317620694637, 0.0026470243465155363, 0.0026407146360725164, 0.0026490797754377127, 0.0026365576777607203, 0.0026357711758464575, 0.0026481489185243845, 0.0026495419442653656]}